player,probability of winning
4,0.48000000000000026
5,0.21000000000000005
1,0.09999999999999999
0,0.08
2,0.08
6,0.02
7,0.02
3,0.01
